time,x,y,vx,vy
0.000000,6.864709,4.562931,nan,nan
4.800000,6.283779,3.512921,nan,nan
7.144761,6.000000,3.000000,nan,nan
