time,x,y,theta,v,omega
0.000000,5.081364,7.361658,1.381142,nan,nan
0.000000,5.081364,7.361658,-0.616358,nan,nan
0.000000,5.081364,7.361658,1.381142,nan,nan
0.641978,5.000000,7.500000,1.550000,nan,nan
