time,x,y,theta
0.000000,3.704768,0.875546,1.570000
8.427498,4.647891,2.471798,0.739280
9.745342,4.750952,2.485137,2.057710
11.328516,4.769115,2.776278,1.319812
12.924949,4.726445,2.952741,2.171442
18.555121,4.053671,3.812578,2.176014
23.977698,4.043471,4.562028,2.197226
32.927215,3.741447,6.465384,1.514485
34.525570,3.751150,6.759095,1.610934
37.780817,3.704768,7.291546,1.610934
