time,x,y,vx,vy
0.000000,6.003089,5.905386,nan,nan
5.084610,7.271454,5.989529,nan,nan
5.600497,7.400000,6.000000,nan,nan
5.600497,7.400000,6.000000,nan,nan
