time,x,y,vx,vy
0.000000,6.005278,5.922036,nan,nan
5.071894,7.271454,5.989529,nan,nan
5.587781,7.400000,6.000000,nan,nan
5.587781,7.400000,6.000000,nan,nan
