time,x,y,vx,vy
0.000000,6.003010,5.904376,nan,nan
5.085198,7.271454,5.989529,nan,nan
5.601085,7.400000,6.000000,nan,nan
5.601085,7.400000,6.000000,nan,nan
