time,x,y,theta
0.000000,3.135464,1.750000,1.570000
6.340038,3.870844,2.935204,0.294895
13.094794,4.456996,4.300765,-0.452282
13.894575,4.352403,4.346558,-0.388881
23.319313,3.280629,4.899252,1.512088
31.909633,3.135750,6.472169,1.646588
37.506905,3.105041,7.703186,1.562552
40.136887,3.135464,8.166000,1.562552
