time,x,y,theta
0.000000,2.565768,7.874547,-1.570000
2.792391,2.107379,7.287186,-1.522545
8.208485,0.538756,6.053051,0.965499
11.417957,0.520414,4.585263,1.302413
13.672898,0.625263,3.539800,1.941924
17.131276,1.645274,2.184403,2.175183
18.647205,2.283745,1.995688,-0.387652
22.877308,2.565768,2.041547,-0.387652
