time,x,y,theta,v,omega
0.000000,0.570000,4.560000,0.000000,0.045000,0.100000
7.061714,0.759367,3.446108,-1.895690,0.090000,0.000300
10.426246,0.639708,2.921250,-1.692292,0.000000,0.000000
11.045462,0.732359,2.956342,3.126952,0.000000,0.000000
21.551623,2.376883,3.304561,2.415053,0.000000,0.000000
30.072067,2.574992,4.653360,0.513538,0.000000,0.000000
36.078317,3.412016,5.125496,0.513583,0.000000,0.000000
36.135612,3.420000,5.130000,0.000000,0.000000,0.000000
