time,x,y,theta
0.000000,3.704768,7.874454,-1.570000
0.839429,3.696298,7.914552,-1.719999
4.339506,3.835064,6.886871,-0.254301
9.915433,4.700458,5.390564,-0.893580
15.994318,4.517440,3.515018,-2.073550
20.149345,3.890200,2.390001,-1.168974
21.422906,3.704768,2.041454,-1.168974
