time,x,y,vx,vy
0.000000,6.001307,3.003418,nan,nan
1.200000,5.936538,2.710494,nan,nan
2.385523,6.000000,3.000000,nan,nan
