time,x,y,theta
0.000000,2.567768,0.875452,1.570000
8.427498,1.830524,1.708459,-0.327335
9.745342,1.831671,1.710899,-0.300599
11.328516,1.536349,1.895552,-0.755166
12.924949,1.544332,1.947732,-0.670524
18.555121,1.865447,3.144022,-2.384919
23.977698,2.223203,4.282082,-2.078485
32.927215,2.549020,6.223830,-1.616725
34.525570,2.553435,6.575441,-1.499062
37.780817,2.567768,7.291452,-1.499062
