time,x,y,theta
0.000000,5.536663,10.545796,1.283966
0.810563,5.567742,10.742679,1.521981
1.608771,5.563198,10.543178,1.560104
3.329253,5.762691,10.162119,1.560104
