time,x,y,theta
0.000000,7.003893,12.233084,1.283966
0.810563,7.036508,12.433082,0.000000
1.608771,6.879774,12.316805,0.000000
3.329253,6.694240,12.194831,0.000000
