time,x,y,theta
0.000000,8.255125,9.934894,1.283966
0.810563,8.288264,10.131611,1.488076
1.608771,8.289011,10.148975,1.484244
3.329253,8.543069,10.343050,1.484244
