time,x,y,vx,vy
0.000000,6.003520,5.920315,nan,nan
5.079287,7.271454,5.989529,nan,nan
5.200911,7.300000,6.000000,nan,nan
5.200911,7.300000,6.000000,nan,nan
