time,x,y,vx,vy
0.000000,6.405801,3.896294,nan,nan
1.200000,6.282066,3.623000,nan,nan
3.935514,6.000000,3.000000,nan,nan
