time,x,y,vx,vy
0.000000,6.486801,4.027204,nan,nan
2.400000,6.229850,3.485008,nan,nan
4.546863,6.000000,3.000000,nan,nan
