time,x,y,vx,vy
0.000000,6.002326,5.905019,nan,nan
5.087754,7.271454,5.989529,nan,nan
5.209378,7.300000,6.000000,nan,nan
5.209378,7.300000,6.000000,nan,nan
