time,x,y,theta,v,omega
0.000000,5.000000,7.500000,0.000000,nan,nan
4.503309,5.275966,8.591481,2.705749,nan,nan
10.868041,5.454696,10.172594,2.847247,nan,nan
11.591608,5.548290,10.327390,0.928206,nan,nan
12.815811,5.749333,10.558147,0.802159,nan,nan
14.040694,5.967782,10.772742,0.750057,nan,nan
14.209500,6.000000,10.800000,0.000000,nan,nan
