time,x,y,vx,vy
0.000000,6.006193,5.925586,nan,nan
5.067501,7.271454,5.989529,nan,nan
5.189125,7.300000,6.000000,nan,nan
5.189125,7.300000,6.000000,nan,nan
