time,x,y,vx,vy
0.000000,18.977596,5.558032,nan,nan
1.200000,19.271834,5.616547,nan,nan
9.063701,21.200000,6.000000,nan,nan
9.063701,21.200000,6.000000,nan,nan
