time,x,y,vx,vy
0.000000,6.128413,3.444299,nan,nan
1.200000,6.045115,3.156095,nan,nan
1.849936,6.000000,3.000000,nan,nan
