time,xc,yc,theta_c,sx,sy
0.000000,3.135000,1.167000,1.570000,1.000000,1.000000
6.340038,3.495722,2.052106,1.169113,1.645742,1.896722
13.094794,3.790217,3.078141,1.071517,2.388723,3.000000
13.894575,3.731713,3.208293,1.071572,2.223837,3.000000
23.319313,3.251366,4.074347,1.535336,1.415822,1.206260
31.909633,3.131887,5.845500,1.564632,1.074925,1.352018
37.506905,3.085383,7.059059,1.540287,1.105364,0.932037
40.136887,3.135000,7.583000,1.570000,1.000000,1.000000
