time,xc,yc,theta_c,sx,sy
0.000000,3.135000,7.583000,-1.570000,1.000000,1.000000
2.792391,2.767980,6.786206,-1.751121,1.282119,1.300070
8.208485,1.682315,5.404044,-1.814797,1.210668,2.225794
11.417957,1.474207,4.023285,-1.529509,2.057764,1.634067
13.672898,1.580912,3.147882,-1.158321,2.541602,1.262547
17.131276,2.268916,2.423574,-0.599169,1.301796,0.965229
18.647205,2.758874,2.268348,-0.411242,1.118219,0.773039
22.877308,3.135000,1.750000,-1.570000,1.000000,1.000000
