time,x,y,theta
0.000000,2.567768,0.875452,1.570000
6.340038,2.317999,2.030263,2.465221
13.094794,1.962901,3.280207,1.726183
13.894575,1.927435,3.452528,1.803378
23.319313,2.553189,3.685435,1.223422
31.909633,2.363373,5.536353,1.602870
37.506905,2.547318,6.752564,1.459989
40.136887,2.567768,7.291452,1.459989
